/*
Navicat MySQL Data Transfer

Source Server         : local
Source Server Version : 80016
Source Host           : localhost:3306
Source Database       : stu

Target Server Type    : MYSQL
Target Server Version : 80016
File Encoding         : 65001

Date: 2019-11-28 15:03:26
*/

SET FOREIGN_KEY_CHECKS=0;

-- ----------------------------
-- Table structure for mingzhi
-- ----------------------------
DROP TABLE IF EXISTS `mingzhi`;
CREATE TABLE `mingzhi` (
  `mid` int(11) NOT NULL AUTO_INCREMENT,
  `ming` varchar(255) DEFAULT NULL,
  PRIMARY KEY (`mid`)
) ENGINE=InnoDB AUTO_INCREMENT=370 DEFAULT CHARSET=utf8;

-- ----------------------------
-- Records of mingzhi
-- ----------------------------
INSERT INTO `mingzhi` VALUES ('1', '碧凡');
INSERT INTO `mingzhi` VALUES ('2', '夏菡');
INSERT INTO `mingzhi` VALUES ('3', '曼香');
INSERT INTO `mingzhi` VALUES ('4', '若烟');
INSERT INTO `mingzhi` VALUES ('5', '半梦');
INSERT INTO `mingzhi` VALUES ('6', '雅绿');
INSERT INTO `mingzhi` VALUES ('7', '冰蓝');
INSERT INTO `mingzhi` VALUES ('8', '灵槐');
INSERT INTO `mingzhi` VALUES ('9', '平安');
INSERT INTO `mingzhi` VALUES ('10', '书翠');
INSERT INTO `mingzhi` VALUES ('11', '翠风');
INSERT INTO `mingzhi` VALUES ('12', '香巧');
INSERT INTO `mingzhi` VALUES ('13', '代云');
INSERT INTO `mingzhi` VALUES ('14', '友巧');
INSERT INTO `mingzhi` VALUES ('15', '听寒');
INSERT INTO `mingzhi` VALUES ('16', '梦柏');
INSERT INTO `mingzhi` VALUES ('17', '醉易');
INSERT INTO `mingzhi` VALUES ('18', '访旋');
INSERT INTO `mingzhi` VALUES ('19', '亦玉');
INSERT INTO `mingzhi` VALUES ('20', '凌萱');
INSERT INTO `mingzhi` VALUES ('21', '访卉');
INSERT INTO `mingzhi` VALUES ('22', '怀亦');
INSERT INTO `mingzhi` VALUES ('23', '笑蓝');
INSERT INTO `mingzhi` VALUES ('24', '春翠');
INSERT INTO `mingzhi` VALUES ('25', '靖柏');
INSERT INTO `mingzhi` VALUES ('26', '书雪');
INSERT INTO `mingzhi` VALUES ('27', '乐枫');
INSERT INTO `mingzhi` VALUES ('28', '念薇');
INSERT INTO `mingzhi` VALUES ('29', '靖雁');
INSERT INTO `mingzhi` VALUES ('30', '寻春');
INSERT INTO `mingzhi` VALUES ('31', '恨山');
INSERT INTO `mingzhi` VALUES ('32', '从寒');
INSERT INTO `mingzhi` VALUES ('33', '忆香');
INSERT INTO `mingzhi` VALUES ('34', '觅波');
INSERT INTO `mingzhi` VALUES ('35', '静曼');
INSERT INTO `mingzhi` VALUES ('36', '凡旋');
INSERT INTO `mingzhi` VALUES ('37', '新波');
INSERT INTO `mingzhi` VALUES ('38', '代真');
INSERT INTO `mingzhi` VALUES ('39', '新蕾');
INSERT INTO `mingzhi` VALUES ('40', '雁玉');
INSERT INTO `mingzhi` VALUES ('41', '冷卉');
INSERT INTO `mingzhi` VALUES ('42', '紫山');
INSERT INTO `mingzhi` VALUES ('43', '千琴');
INSERT INTO `mingzhi` VALUES ('44', '恨天');
INSERT INTO `mingzhi` VALUES ('45', '傲芙');
INSERT INTO `mingzhi` VALUES ('46', '盼山');
INSERT INTO `mingzhi` VALUES ('47', '怀蝶');
INSERT INTO `mingzhi` VALUES ('48', '冰兰');
INSERT INTO `mingzhi` VALUES ('49', '问旋');
INSERT INTO `mingzhi` VALUES ('50', '从南');
INSERT INTO `mingzhi` VALUES ('51', '白易');
INSERT INTO `mingzhi` VALUES ('52', '问筠');
INSERT INTO `mingzhi` VALUES ('53', '如霜');
INSERT INTO `mingzhi` VALUES ('54', '半芹');
INSERT INTO `mingzhi` VALUES ('55', '寒雁');
INSERT INTO `mingzhi` VALUES ('56', '怜云');
INSERT INTO `mingzhi` VALUES ('57', '寻文');
INSERT INTO `mingzhi` VALUES ('58', '谷雪');
INSERT INTO `mingzhi` VALUES ('59', '乐萱');
INSERT INTO `mingzhi` VALUES ('60', '涵菡');
INSERT INTO `mingzhi` VALUES ('61', '海莲');
INSERT INTO `mingzhi` VALUES ('62', '傲蕾');
INSERT INTO `mingzhi` VALUES ('63', '青槐');
INSERT INTO `mingzhi` VALUES ('64', '冬儿');
INSERT INTO `mingzhi` VALUES ('65', '易梦');
INSERT INTO `mingzhi` VALUES ('66', '惜雪');
INSERT INTO `mingzhi` VALUES ('67', '宛海');
INSERT INTO `mingzhi` VALUES ('68', '之柔');
INSERT INTO `mingzhi` VALUES ('69', '夏青');
INSERT INTO `mingzhi` VALUES ('70', '秀');
INSERT INTO `mingzhi` VALUES ('71', '娟');
INSERT INTO `mingzhi` VALUES ('72', '英');
INSERT INTO `mingzhi` VALUES ('73', '华');
INSERT INTO `mingzhi` VALUES ('74', '慧');
INSERT INTO `mingzhi` VALUES ('75', '巧');
INSERT INTO `mingzhi` VALUES ('76', '美');
INSERT INTO `mingzhi` VALUES ('77', '娜');
INSERT INTO `mingzhi` VALUES ('78', '静');
INSERT INTO `mingzhi` VALUES ('79', '淑');
INSERT INTO `mingzhi` VALUES ('80', '惠');
INSERT INTO `mingzhi` VALUES ('81', '珠');
INSERT INTO `mingzhi` VALUES ('82', '翠');
INSERT INTO `mingzhi` VALUES ('83', '雅');
INSERT INTO `mingzhi` VALUES ('84', '芝');
INSERT INTO `mingzhi` VALUES ('85', '玉');
INSERT INTO `mingzhi` VALUES ('86', '萍');
INSERT INTO `mingzhi` VALUES ('87', '红');
INSERT INTO `mingzhi` VALUES ('88', '娥');
INSERT INTO `mingzhi` VALUES ('89', '玲');
INSERT INTO `mingzhi` VALUES ('90', '芬');
INSERT INTO `mingzhi` VALUES ('91', '芳');
INSERT INTO `mingzhi` VALUES ('92', '燕');
INSERT INTO `mingzhi` VALUES ('93', '彩');
INSERT INTO `mingzhi` VALUES ('94', '春');
INSERT INTO `mingzhi` VALUES ('95', '菊');
INSERT INTO `mingzhi` VALUES ('96', '兰');
INSERT INTO `mingzhi` VALUES ('97', '凤');
INSERT INTO `mingzhi` VALUES ('98', '洁');
INSERT INTO `mingzhi` VALUES ('99', '梅');
INSERT INTO `mingzhi` VALUES ('100', '琳');
INSERT INTO `mingzhi` VALUES ('101', '素');
INSERT INTO `mingzhi` VALUES ('102', '云');
INSERT INTO `mingzhi` VALUES ('103', '莲');
INSERT INTO `mingzhi` VALUES ('104', '真');
INSERT INTO `mingzhi` VALUES ('105', '环');
INSERT INTO `mingzhi` VALUES ('106', '雪');
INSERT INTO `mingzhi` VALUES ('107', '荣');
INSERT INTO `mingzhi` VALUES ('108', '爱');
INSERT INTO `mingzhi` VALUES ('109', '妹');
INSERT INTO `mingzhi` VALUES ('110', '霞');
INSERT INTO `mingzhi` VALUES ('111', '香');
INSERT INTO `mingzhi` VALUES ('112', '月');
INSERT INTO `mingzhi` VALUES ('113', '莺');
INSERT INTO `mingzhi` VALUES ('114', '媛');
INSERT INTO `mingzhi` VALUES ('115', '艳');
INSERT INTO `mingzhi` VALUES ('116', '瑞');
INSERT INTO `mingzhi` VALUES ('117', '凡');
INSERT INTO `mingzhi` VALUES ('118', '佳');
INSERT INTO `mingzhi` VALUES ('119', '嘉');
INSERT INTO `mingzhi` VALUES ('120', '琼');
INSERT INTO `mingzhi` VALUES ('121', '勤');
INSERT INTO `mingzhi` VALUES ('122', '珍');
INSERT INTO `mingzhi` VALUES ('123', '贞');
INSERT INTO `mingzhi` VALUES ('124', '莉');
INSERT INTO `mingzhi` VALUES ('125', '桂');
INSERT INTO `mingzhi` VALUES ('126', '娣');
INSERT INTO `mingzhi` VALUES ('127', '叶');
INSERT INTO `mingzhi` VALUES ('128', '璧');
INSERT INTO `mingzhi` VALUES ('129', '璐');
INSERT INTO `mingzhi` VALUES ('130', '娅');
INSERT INTO `mingzhi` VALUES ('131', '琦');
INSERT INTO `mingzhi` VALUES ('132', '晶');
INSERT INTO `mingzhi` VALUES ('133', '妍');
INSERT INTO `mingzhi` VALUES ('134', '茜');
INSERT INTO `mingzhi` VALUES ('135', '秋');
INSERT INTO `mingzhi` VALUES ('136', '珊');
INSERT INTO `mingzhi` VALUES ('137', '莎');
INSERT INTO `mingzhi` VALUES ('138', '锦');
INSERT INTO `mingzhi` VALUES ('139', '黛');
INSERT INTO `mingzhi` VALUES ('140', '青');
INSERT INTO `mingzhi` VALUES ('141', '倩');
INSERT INTO `mingzhi` VALUES ('142', '婷');
INSERT INTO `mingzhi` VALUES ('143', '姣');
INSERT INTO `mingzhi` VALUES ('144', '婉');
INSERT INTO `mingzhi` VALUES ('145', '娴');
INSERT INTO `mingzhi` VALUES ('146', '瑾');
INSERT INTO `mingzhi` VALUES ('147', '颖');
INSERT INTO `mingzhi` VALUES ('148', '露');
INSERT INTO `mingzhi` VALUES ('149', '瑶');
INSERT INTO `mingzhi` VALUES ('150', '怡');
INSERT INTO `mingzhi` VALUES ('151', '婵');
INSERT INTO `mingzhi` VALUES ('152', '雁');
INSERT INTO `mingzhi` VALUES ('153', '蓓');
INSERT INTO `mingzhi` VALUES ('154', '纨');
INSERT INTO `mingzhi` VALUES ('155', '仪');
INSERT INTO `mingzhi` VALUES ('156', '荷');
INSERT INTO `mingzhi` VALUES ('157', '丹');
INSERT INTO `mingzhi` VALUES ('158', '蓉');
INSERT INTO `mingzhi` VALUES ('159', '眉');
INSERT INTO `mingzhi` VALUES ('160', '君');
INSERT INTO `mingzhi` VALUES ('161', '琴');
INSERT INTO `mingzhi` VALUES ('162', '蕊');
INSERT INTO `mingzhi` VALUES ('163', '薇');
INSERT INTO `mingzhi` VALUES ('164', '菁');
INSERT INTO `mingzhi` VALUES ('165', '梦');
INSERT INTO `mingzhi` VALUES ('166', '岚');
INSERT INTO `mingzhi` VALUES ('167', '苑');
INSERT INTO `mingzhi` VALUES ('168', '婕');
INSERT INTO `mingzhi` VALUES ('169', '馨');
INSERT INTO `mingzhi` VALUES ('170', '瑗');
INSERT INTO `mingzhi` VALUES ('171', '琰');
INSERT INTO `mingzhi` VALUES ('172', '韵');
INSERT INTO `mingzhi` VALUES ('173', '融');
INSERT INTO `mingzhi` VALUES ('174', '园');
INSERT INTO `mingzhi` VALUES ('175', '艺');
INSERT INTO `mingzhi` VALUES ('176', '咏');
INSERT INTO `mingzhi` VALUES ('177', '卿');
INSERT INTO `mingzhi` VALUES ('178', '聪');
INSERT INTO `mingzhi` VALUES ('179', '澜');
INSERT INTO `mingzhi` VALUES ('180', '纯');
INSERT INTO `mingzhi` VALUES ('181', '毓');
INSERT INTO `mingzhi` VALUES ('182', '悦');
INSERT INTO `mingzhi` VALUES ('183', '昭');
INSERT INTO `mingzhi` VALUES ('184', '冰');
INSERT INTO `mingzhi` VALUES ('185', '爽');
INSERT INTO `mingzhi` VALUES ('186', '琬');
INSERT INTO `mingzhi` VALUES ('187', '茗');
INSERT INTO `mingzhi` VALUES ('188', '羽');
INSERT INTO `mingzhi` VALUES ('189', '希');
INSERT INTO `mingzhi` VALUES ('190', '宁');
INSERT INTO `mingzhi` VALUES ('191', '欣');
INSERT INTO `mingzhi` VALUES ('192', '飘');
INSERT INTO `mingzhi` VALUES ('193', '育');
INSERT INTO `mingzhi` VALUES ('194', '滢');
INSERT INTO `mingzhi` VALUES ('195', '馥');
INSERT INTO `mingzhi` VALUES ('196', '筠');
INSERT INTO `mingzhi` VALUES ('197', '柔');
INSERT INTO `mingzhi` VALUES ('198', '竹');
INSERT INTO `mingzhi` VALUES ('199', '霭');
INSERT INTO `mingzhi` VALUES ('200', '凝');
INSERT INTO `mingzhi` VALUES ('201', '晓');
INSERT INTO `mingzhi` VALUES ('202', '欢');
INSERT INTO `mingzhi` VALUES ('203', '霄');
INSERT INTO `mingzhi` VALUES ('204', '枫');
INSERT INTO `mingzhi` VALUES ('205', '芸');
INSERT INTO `mingzhi` VALUES ('206', '菲');
INSERT INTO `mingzhi` VALUES ('207', '寒');
INSERT INTO `mingzhi` VALUES ('208', '伊');
INSERT INTO `mingzhi` VALUES ('209', '亚');
INSERT INTO `mingzhi` VALUES ('210', '宜');
INSERT INTO `mingzhi` VALUES ('211', '可');
INSERT INTO `mingzhi` VALUES ('212', '姬');
INSERT INTO `mingzhi` VALUES ('213', '舒');
INSERT INTO `mingzhi` VALUES ('214', '影');
INSERT INTO `mingzhi` VALUES ('215', '荔');
INSERT INTO `mingzhi` VALUES ('216', '枝');
INSERT INTO `mingzhi` VALUES ('217', '思');
INSERT INTO `mingzhi` VALUES ('218', '丽');
INSERT INTO `mingzhi` VALUES ('219', '伟');
INSERT INTO `mingzhi` VALUES ('220', '刚');
INSERT INTO `mingzhi` VALUES ('221', '勇');
INSERT INTO `mingzhi` VALUES ('222', '毅');
INSERT INTO `mingzhi` VALUES ('223', '俊');
INSERT INTO `mingzhi` VALUES ('224', '峰');
INSERT INTO `mingzhi` VALUES ('225', '强');
INSERT INTO `mingzhi` VALUES ('226', '军');
INSERT INTO `mingzhi` VALUES ('227', '平');
INSERT INTO `mingzhi` VALUES ('228', '保');
INSERT INTO `mingzhi` VALUES ('229', '东');
INSERT INTO `mingzhi` VALUES ('230', '文');
INSERT INTO `mingzhi` VALUES ('231', '辉');
INSERT INTO `mingzhi` VALUES ('232', '力');
INSERT INTO `mingzhi` VALUES ('233', '明');
INSERT INTO `mingzhi` VALUES ('234', '永');
INSERT INTO `mingzhi` VALUES ('235', '健');
INSERT INTO `mingzhi` VALUES ('236', '世');
INSERT INTO `mingzhi` VALUES ('237', '广');
INSERT INTO `mingzhi` VALUES ('238', '志');
INSERT INTO `mingzhi` VALUES ('239', '义');
INSERT INTO `mingzhi` VALUES ('240', '兴');
INSERT INTO `mingzhi` VALUES ('241', '良');
INSERT INTO `mingzhi` VALUES ('242', '海');
INSERT INTO `mingzhi` VALUES ('243', '山');
INSERT INTO `mingzhi` VALUES ('244', '仁');
INSERT INTO `mingzhi` VALUES ('245', '波');
INSERT INTO `mingzhi` VALUES ('246', '宁');
INSERT INTO `mingzhi` VALUES ('247', '贵');
INSERT INTO `mingzhi` VALUES ('248', '福');
INSERT INTO `mingzhi` VALUES ('249', '生');
INSERT INTO `mingzhi` VALUES ('250', '龙');
INSERT INTO `mingzhi` VALUES ('251', '元');
INSERT INTO `mingzhi` VALUES ('252', '全');
INSERT INTO `mingzhi` VALUES ('253', '国');
INSERT INTO `mingzhi` VALUES ('254', '胜');
INSERT INTO `mingzhi` VALUES ('255', '学');
INSERT INTO `mingzhi` VALUES ('256', '祥');
INSERT INTO `mingzhi` VALUES ('257', '才');
INSERT INTO `mingzhi` VALUES ('258', '发');
INSERT INTO `mingzhi` VALUES ('259', '武');
INSERT INTO `mingzhi` VALUES ('260', '新');
INSERT INTO `mingzhi` VALUES ('261', '利');
INSERT INTO `mingzhi` VALUES ('262', '清');
INSERT INTO `mingzhi` VALUES ('263', '飞');
INSERT INTO `mingzhi` VALUES ('264', '彬');
INSERT INTO `mingzhi` VALUES ('265', '富');
INSERT INTO `mingzhi` VALUES ('266', '顺');
INSERT INTO `mingzhi` VALUES ('267', '信');
INSERT INTO `mingzhi` VALUES ('268', '子');
INSERT INTO `mingzhi` VALUES ('269', '杰');
INSERT INTO `mingzhi` VALUES ('270', '涛');
INSERT INTO `mingzhi` VALUES ('271', '昌');
INSERT INTO `mingzhi` VALUES ('272', '成');
INSERT INTO `mingzhi` VALUES ('273', '康');
INSERT INTO `mingzhi` VALUES ('274', '星');
INSERT INTO `mingzhi` VALUES ('275', '光');
INSERT INTO `mingzhi` VALUES ('276', '天');
INSERT INTO `mingzhi` VALUES ('277', '达');
INSERT INTO `mingzhi` VALUES ('278', '安');
INSERT INTO `mingzhi` VALUES ('279', '岩');
INSERT INTO `mingzhi` VALUES ('280', '中');
INSERT INTO `mingzhi` VALUES ('281', '茂');
INSERT INTO `mingzhi` VALUES ('282', '进');
INSERT INTO `mingzhi` VALUES ('283', '林');
INSERT INTO `mingzhi` VALUES ('284', '有');
INSERT INTO `mingzhi` VALUES ('285', '坚');
INSERT INTO `mingzhi` VALUES ('286', '和');
INSERT INTO `mingzhi` VALUES ('287', '彪');
INSERT INTO `mingzhi` VALUES ('288', '博');
INSERT INTO `mingzhi` VALUES ('289', '诚');
INSERT INTO `mingzhi` VALUES ('290', '先');
INSERT INTO `mingzhi` VALUES ('291', '敬');
INSERT INTO `mingzhi` VALUES ('292', '震');
INSERT INTO `mingzhi` VALUES ('293', '振');
INSERT INTO `mingzhi` VALUES ('294', '壮');
INSERT INTO `mingzhi` VALUES ('295', '会');
INSERT INTO `mingzhi` VALUES ('296', '思');
INSERT INTO `mingzhi` VALUES ('297', '群');
INSERT INTO `mingzhi` VALUES ('298', '豪');
INSERT INTO `mingzhi` VALUES ('299', '心');
INSERT INTO `mingzhi` VALUES ('300', '邦');
INSERT INTO `mingzhi` VALUES ('301', '承');
INSERT INTO `mingzhi` VALUES ('302', '乐');
INSERT INTO `mingzhi` VALUES ('303', '绍');
INSERT INTO `mingzhi` VALUES ('304', '功');
INSERT INTO `mingzhi` VALUES ('305', '松');
INSERT INTO `mingzhi` VALUES ('306', '善');
INSERT INTO `mingzhi` VALUES ('307', '厚');
INSERT INTO `mingzhi` VALUES ('308', '庆');
INSERT INTO `mingzhi` VALUES ('309', '磊');
INSERT INTO `mingzhi` VALUES ('310', '民');
INSERT INTO `mingzhi` VALUES ('311', '友');
INSERT INTO `mingzhi` VALUES ('312', '裕');
INSERT INTO `mingzhi` VALUES ('313', '河');
INSERT INTO `mingzhi` VALUES ('314', '哲');
INSERT INTO `mingzhi` VALUES ('315', '江');
INSERT INTO `mingzhi` VALUES ('316', '超');
INSERT INTO `mingzhi` VALUES ('317', '浩');
INSERT INTO `mingzhi` VALUES ('318', '亮');
INSERT INTO `mingzhi` VALUES ('319', '政');
INSERT INTO `mingzhi` VALUES ('320', '谦');
INSERT INTO `mingzhi` VALUES ('321', '亨');
INSERT INTO `mingzhi` VALUES ('322', '奇');
INSERT INTO `mingzhi` VALUES ('323', '固');
INSERT INTO `mingzhi` VALUES ('324', '之');
INSERT INTO `mingzhi` VALUES ('325', '轮');
INSERT INTO `mingzhi` VALUES ('326', '翰');
INSERT INTO `mingzhi` VALUES ('327', '朗');
INSERT INTO `mingzhi` VALUES ('328', '伯');
INSERT INTO `mingzhi` VALUES ('329', '宏');
INSERT INTO `mingzhi` VALUES ('330', '言');
INSERT INTO `mingzhi` VALUES ('331', '若');
INSERT INTO `mingzhi` VALUES ('332', '鸣');
INSERT INTO `mingzhi` VALUES ('333', '朋');
INSERT INTO `mingzhi` VALUES ('334', '斌');
INSERT INTO `mingzhi` VALUES ('335', '梁');
INSERT INTO `mingzhi` VALUES ('336', '栋');
INSERT INTO `mingzhi` VALUES ('337', '维');
INSERT INTO `mingzhi` VALUES ('338', '启');
INSERT INTO `mingzhi` VALUES ('339', '克');
INSERT INTO `mingzhi` VALUES ('340', '伦');
INSERT INTO `mingzhi` VALUES ('341', '翔');
INSERT INTO `mingzhi` VALUES ('342', '旭');
INSERT INTO `mingzhi` VALUES ('343', '鹏');
INSERT INTO `mingzhi` VALUES ('344', '泽');
INSERT INTO `mingzhi` VALUES ('345', '晨');
INSERT INTO `mingzhi` VALUES ('346', '辰');
INSERT INTO `mingzhi` VALUES ('347', '士');
INSERT INTO `mingzhi` VALUES ('348', '以');
INSERT INTO `mingzhi` VALUES ('349', '建');
INSERT INTO `mingzhi` VALUES ('350', '家');
INSERT INTO `mingzhi` VALUES ('351', '致');
INSERT INTO `mingzhi` VALUES ('352', '树');
INSERT INTO `mingzhi` VALUES ('353', '炎');
INSERT INTO `mingzhi` VALUES ('354', '德');
INSERT INTO `mingzhi` VALUES ('355', '行');
INSERT INTO `mingzhi` VALUES ('356', '时');
INSERT INTO `mingzhi` VALUES ('357', '泰');
INSERT INTO `mingzhi` VALUES ('358', '盛');
INSERT INTO `mingzhi` VALUES ('359', '雄');
INSERT INTO `mingzhi` VALUES ('360', '琛');
INSERT INTO `mingzhi` VALUES ('361', '钧');
INSERT INTO `mingzhi` VALUES ('362', '冠');
INSERT INTO `mingzhi` VALUES ('363', '策');
INSERT INTO `mingzhi` VALUES ('364', '腾');
INSERT INTO `mingzhi` VALUES ('365', '楠');
INSERT INTO `mingzhi` VALUES ('366', '榕');
INSERT INTO `mingzhi` VALUES ('367', '风');
INSERT INTO `mingzhi` VALUES ('368', '航');
INSERT INTO `mingzhi` VALUES ('369', '弘');

-- ----------------------------
-- Table structure for taa_class_team
-- ----------------------------
DROP TABLE IF EXISTS `taa_class_team`;
CREATE TABLE `taa_class_team` (
  `ct_id` int(11) NOT NULL AUTO_INCREMENT,
  `ct_name` varchar(50) DEFAULT NULL,
  `ct_begin_date` datetime DEFAULT NULL,
  `ct_count` int(11) DEFAULT NULL,
  PRIMARY KEY (`ct_id`)
) ENGINE=InnoDB AUTO_INCREMENT=7 DEFAULT CHARSET=utf8;

-- ----------------------------
-- Records of taa_class_team
-- ----------------------------
INSERT INTO `taa_class_team` VALUES ('1', '科技班', '2012-09-12 08:00:00', '13');
INSERT INTO `taa_class_team` VALUES ('2', '魔法班', '2019-02-13 19:08:36', '20');
INSERT INTO `taa_class_team` VALUES ('3', '武术班', '2014-06-11 19:08:07', '24');
INSERT INTO `taa_class_team` VALUES ('5', '新世界', '2019-10-31 11:00:00', '2');
INSERT INTO `taa_class_team` VALUES ('6', '测试班', '2019-11-26 00:00:00', '30');

-- ----------------------------
-- Table structure for tab_student
-- ----------------------------
DROP TABLE IF EXISTS `tab_student`;
CREATE TABLE `tab_student` (
  `stu_id` int(11) NOT NULL AUTO_INCREMENT,
  `stu_name` varchar(50) DEFAULT NULL,
  `stu_in_age` int(11) DEFAULT NULL,
  `stu_birth` date DEFAULT NULL,
  `stu_weight` double DEFAULT NULL,
  `stu_sn` char(11) CHARACTER SET utf8 COLLATE utf8_general_ci DEFAULT NULL,
  `stu_sex` char(1) DEFAULT NULL,
  `ct_id` int(11) DEFAULT NULL,
  `stu_in_time` timestamp NULL DEFAULT NULL ON UPDATE CURRENT_TIMESTAMP,
  PRIMARY KEY (`stu_id`),
  KEY `fk_ct_stu` (`ct_id`),
  CONSTRAINT `fk_ct_stu` FOREIGN KEY (`ct_id`) REFERENCES `taa_class_team` (`ct_id`)
) ENGINE=InnoDB AUTO_INCREMENT=16 DEFAULT CHARSET=utf8;

-- ----------------------------
-- Records of tab_student
-- ----------------------------
INSERT INTO `tab_student` VALUES ('1', '李小三', '14', '2012-11-23', '58.4705', '13000000000', '0', '1', '2019-11-27 21:56:28');
INSERT INTO `tab_student` VALUES ('2', '赵静子', '18', '1992-06-01', '53.993', '13000000001', '0', '1', '2019-11-27 21:56:38');
INSERT INTO `tab_student` VALUES ('3', '赵小四', '17', '1976-09-16', '801.9828', '13000000002', '1', '1', '2019-11-27 21:56:53');
INSERT INTO `tab_student` VALUES ('4', '刘小翠', '23', '2007-05-04', '55.403', '13000000003', '0', '2', '2019-11-27 21:57:07');
INSERT INTO `tab_student` VALUES ('5', '马小花', '123', '1993-08-02', '435.2564', '13000000004', '0', '2', '2019-11-27 21:57:10');
INSERT INTO `tab_student` VALUES ('6', '武小奎', '45', '1993-11-30', '912.907', '13000000005', '1', '2', '2019-11-27 21:57:12');
INSERT INTO `tab_student` VALUES ('7', '张不开', '31', '1968-08-15', '88.658', '13000000006', '1', '2', '2019-11-27 21:57:18');
INSERT INTO `tab_student` VALUES ('8', '孙悟空', '519', '1984-02-18', '48.4648', '13000000007', '1', '1', '2019-11-27 21:57:21');
INSERT INTO `tab_student` VALUES ('9', '白素贞', '1001', '1961-11-20', '63.9998', '13000000008', '0', '2', '2019-11-27 21:57:24');
INSERT INTO `tab_student` VALUES ('10', '柳生静云', '35', '2005-02-07', '56.0321', '13000000009', '1', '3', '2019-11-27 21:57:29');
INSERT INTO `tab_student` VALUES ('11', '哪吒', '8', '1963-12-13', '83.6424', '13000000010', '1', '3', '2019-11-27 21:57:41');
INSERT INTO `tab_student` VALUES ('15', '测试628', '3', '2019-11-01', '1.03', '13000000011', '1', '1', '2019-11-27 22:34:29');

-- ----------------------------
-- Table structure for user
-- ----------------------------
DROP TABLE IF EXISTS `user`;
CREATE TABLE `user` (
  `id` bigint(20) DEFAULT NULL COMMENT '唯一标示',
  `code` varchar(20) DEFAULT NULL COMMENT '编码',
  `name` varchar(64) DEFAULT NULL COMMENT '名称',
  `status` char(1) DEFAULT '1' COMMENT '状态 1启用 0 停用',
  `gmt_create` datetime DEFAULT CURRENT_TIMESTAMP COMMENT '创建时间',
  `gmt_modified` datetime DEFAULT CURRENT_TIMESTAMP ON UPDATE CURRENT_TIMESTAMP COMMENT '修改时间'
) ENGINE=InnoDB DEFAULT CHARSET=utf8;

-- ----------------------------
-- Records of user
-- ----------------------------

-- ----------------------------
-- Table structure for xingshi
-- ----------------------------
DROP TABLE IF EXISTS `xingshi`;
CREATE TABLE `xingshi` (
  `xid` int(11) NOT NULL AUTO_INCREMENT,
  `xing` varchar(20) CHARACTER SET utf8 COLLATE utf8_general_ci DEFAULT NULL,
  PRIMARY KEY (`xid`)
) ENGINE=InnoDB AUTO_INCREMENT=485 DEFAULT CHARSET=utf8;

-- ----------------------------
-- Records of xingshi
-- ----------------------------
INSERT INTO `xingshi` VALUES ('1', '赵');
INSERT INTO `xingshi` VALUES ('2', '钱');
INSERT INTO `xingshi` VALUES ('3', '孙');
INSERT INTO `xingshi` VALUES ('4', '李');
INSERT INTO `xingshi` VALUES ('5', '周');
INSERT INTO `xingshi` VALUES ('6', '吴');
INSERT INTO `xingshi` VALUES ('7', '郑');
INSERT INTO `xingshi` VALUES ('8', '王');
INSERT INTO `xingshi` VALUES ('9', '冯');
INSERT INTO `xingshi` VALUES ('10', '陈');
INSERT INTO `xingshi` VALUES ('11', '褚');
INSERT INTO `xingshi` VALUES ('12', '卫');
INSERT INTO `xingshi` VALUES ('13', '蒋');
INSERT INTO `xingshi` VALUES ('14', '沈');
INSERT INTO `xingshi` VALUES ('15', '韩');
INSERT INTO `xingshi` VALUES ('16', '杨');
INSERT INTO `xingshi` VALUES ('17', '朱');
INSERT INTO `xingshi` VALUES ('18', '秦');
INSERT INTO `xingshi` VALUES ('19', '尤');
INSERT INTO `xingshi` VALUES ('20', '许');
INSERT INTO `xingshi` VALUES ('21', '何');
INSERT INTO `xingshi` VALUES ('22', '吕');
INSERT INTO `xingshi` VALUES ('23', '施');
INSERT INTO `xingshi` VALUES ('24', '张');
INSERT INTO `xingshi` VALUES ('25', '孔');
INSERT INTO `xingshi` VALUES ('26', '曹');
INSERT INTO `xingshi` VALUES ('27', '严');
INSERT INTO `xingshi` VALUES ('28', '华');
INSERT INTO `xingshi` VALUES ('29', '金');
INSERT INTO `xingshi` VALUES ('30', '魏');
INSERT INTO `xingshi` VALUES ('31', '陶');
INSERT INTO `xingshi` VALUES ('32', '姜');
INSERT INTO `xingshi` VALUES ('33', '戚');
INSERT INTO `xingshi` VALUES ('34', '谢');
INSERT INTO `xingshi` VALUES ('35', '邹');
INSERT INTO `xingshi` VALUES ('36', '喻');
INSERT INTO `xingshi` VALUES ('37', '柏');
INSERT INTO `xingshi` VALUES ('38', '水');
INSERT INTO `xingshi` VALUES ('39', '窦');
INSERT INTO `xingshi` VALUES ('40', '章');
INSERT INTO `xingshi` VALUES ('41', '云');
INSERT INTO `xingshi` VALUES ('42', '苏');
INSERT INTO `xingshi` VALUES ('43', '潘');
INSERT INTO `xingshi` VALUES ('44', '葛');
INSERT INTO `xingshi` VALUES ('45', '奚');
INSERT INTO `xingshi` VALUES ('46', '范');
INSERT INTO `xingshi` VALUES ('47', '彭');
INSERT INTO `xingshi` VALUES ('48', '郎');
INSERT INTO `xingshi` VALUES ('49', '鲁');
INSERT INTO `xingshi` VALUES ('50', '韦');
INSERT INTO `xingshi` VALUES ('51', '昌');
INSERT INTO `xingshi` VALUES ('52', '马');
INSERT INTO `xingshi` VALUES ('53', '苗');
INSERT INTO `xingshi` VALUES ('54', '凤');
INSERT INTO `xingshi` VALUES ('55', '花');
INSERT INTO `xingshi` VALUES ('56', '方');
INSERT INTO `xingshi` VALUES ('57', '俞');
INSERT INTO `xingshi` VALUES ('58', '任');
INSERT INTO `xingshi` VALUES ('59', '袁');
INSERT INTO `xingshi` VALUES ('60', '柳');
INSERT INTO `xingshi` VALUES ('61', '酆');
INSERT INTO `xingshi` VALUES ('62', '鲍');
INSERT INTO `xingshi` VALUES ('63', '史');
INSERT INTO `xingshi` VALUES ('64', '唐');
INSERT INTO `xingshi` VALUES ('65', '费');
INSERT INTO `xingshi` VALUES ('66', '廉');
INSERT INTO `xingshi` VALUES ('67', '岑');
INSERT INTO `xingshi` VALUES ('68', '薛');
INSERT INTO `xingshi` VALUES ('69', '雷');
INSERT INTO `xingshi` VALUES ('70', '贺');
INSERT INTO `xingshi` VALUES ('71', '倪');
INSERT INTO `xingshi` VALUES ('72', '汤');
INSERT INTO `xingshi` VALUES ('73', '滕');
INSERT INTO `xingshi` VALUES ('74', '殷');
INSERT INTO `xingshi` VALUES ('75', '罗');
INSERT INTO `xingshi` VALUES ('76', '毕');
INSERT INTO `xingshi` VALUES ('77', '郝');
INSERT INTO `xingshi` VALUES ('78', '邬');
INSERT INTO `xingshi` VALUES ('79', '安');
INSERT INTO `xingshi` VALUES ('80', '常');
INSERT INTO `xingshi` VALUES ('81', '乐');
INSERT INTO `xingshi` VALUES ('82', '于');
INSERT INTO `xingshi` VALUES ('83', '时');
INSERT INTO `xingshi` VALUES ('84', '傅');
INSERT INTO `xingshi` VALUES ('85', '皮');
INSERT INTO `xingshi` VALUES ('86', '卞');
INSERT INTO `xingshi` VALUES ('87', '齐');
INSERT INTO `xingshi` VALUES ('88', '康');
INSERT INTO `xingshi` VALUES ('89', '伍');
INSERT INTO `xingshi` VALUES ('90', '余');
INSERT INTO `xingshi` VALUES ('91', '元');
INSERT INTO `xingshi` VALUES ('92', '卜');
INSERT INTO `xingshi` VALUES ('93', '顾');
INSERT INTO `xingshi` VALUES ('94', '孟');
INSERT INTO `xingshi` VALUES ('95', '平');
INSERT INTO `xingshi` VALUES ('96', '黄');
INSERT INTO `xingshi` VALUES ('97', '和');
INSERT INTO `xingshi` VALUES ('98', '穆');
INSERT INTO `xingshi` VALUES ('99', '萧');
INSERT INTO `xingshi` VALUES ('100', '尹');
INSERT INTO `xingshi` VALUES ('101', '姚');
INSERT INTO `xingshi` VALUES ('102', '邵');
INSERT INTO `xingshi` VALUES ('103', '湛');
INSERT INTO `xingshi` VALUES ('104', '汪');
INSERT INTO `xingshi` VALUES ('105', '祁');
INSERT INTO `xingshi` VALUES ('106', '毛');
INSERT INTO `xingshi` VALUES ('107', '禹');
INSERT INTO `xingshi` VALUES ('108', '狄');
INSERT INTO `xingshi` VALUES ('109', '米');
INSERT INTO `xingshi` VALUES ('110', '贝');
INSERT INTO `xingshi` VALUES ('111', '明');
INSERT INTO `xingshi` VALUES ('112', '臧');
INSERT INTO `xingshi` VALUES ('113', '计');
INSERT INTO `xingshi` VALUES ('114', '伏');
INSERT INTO `xingshi` VALUES ('115', '成');
INSERT INTO `xingshi` VALUES ('116', '戴');
INSERT INTO `xingshi` VALUES ('117', '谈');
INSERT INTO `xingshi` VALUES ('118', '宋');
INSERT INTO `xingshi` VALUES ('119', '茅');
INSERT INTO `xingshi` VALUES ('120', '庞');
INSERT INTO `xingshi` VALUES ('121', '熊');
INSERT INTO `xingshi` VALUES ('122', '纪');
INSERT INTO `xingshi` VALUES ('123', '舒');
INSERT INTO `xingshi` VALUES ('124', '屈');
INSERT INTO `xingshi` VALUES ('125', '项');
INSERT INTO `xingshi` VALUES ('126', '祝');
INSERT INTO `xingshi` VALUES ('127', '董');
INSERT INTO `xingshi` VALUES ('128', '梁');
INSERT INTO `xingshi` VALUES ('129', '杜');
INSERT INTO `xingshi` VALUES ('130', '阮');
INSERT INTO `xingshi` VALUES ('131', '蓝');
INSERT INTO `xingshi` VALUES ('132', '闵');
INSERT INTO `xingshi` VALUES ('133', '席');
INSERT INTO `xingshi` VALUES ('134', '季');
INSERT INTO `xingshi` VALUES ('135', '麻');
INSERT INTO `xingshi` VALUES ('136', '强');
INSERT INTO `xingshi` VALUES ('137', '贾');
INSERT INTO `xingshi` VALUES ('138', '路');
INSERT INTO `xingshi` VALUES ('139', '娄');
INSERT INTO `xingshi` VALUES ('140', '危');
INSERT INTO `xingshi` VALUES ('141', '江');
INSERT INTO `xingshi` VALUES ('142', '童');
INSERT INTO `xingshi` VALUES ('143', '颜');
INSERT INTO `xingshi` VALUES ('144', '郭');
INSERT INTO `xingshi` VALUES ('145', '梅');
INSERT INTO `xingshi` VALUES ('146', '盛');
INSERT INTO `xingshi` VALUES ('147', '林');
INSERT INTO `xingshi` VALUES ('148', '刁');
INSERT INTO `xingshi` VALUES ('149', '钟');
INSERT INTO `xingshi` VALUES ('150', '徐');
INSERT INTO `xingshi` VALUES ('151', '邱');
INSERT INTO `xingshi` VALUES ('152', '骆');
INSERT INTO `xingshi` VALUES ('153', '高');
INSERT INTO `xingshi` VALUES ('154', '夏');
INSERT INTO `xingshi` VALUES ('155', '蔡');
INSERT INTO `xingshi` VALUES ('156', '田');
INSERT INTO `xingshi` VALUES ('157', '樊');
INSERT INTO `xingshi` VALUES ('158', '胡');
INSERT INTO `xingshi` VALUES ('159', '凌');
INSERT INTO `xingshi` VALUES ('160', '霍');
INSERT INTO `xingshi` VALUES ('161', '虞');
INSERT INTO `xingshi` VALUES ('162', '万');
INSERT INTO `xingshi` VALUES ('163', '支');
INSERT INTO `xingshi` VALUES ('164', '柯');
INSERT INTO `xingshi` VALUES ('165', '咎');
INSERT INTO `xingshi` VALUES ('166', '管');
INSERT INTO `xingshi` VALUES ('167', '卢');
INSERT INTO `xingshi` VALUES ('168', '莫');
INSERT INTO `xingshi` VALUES ('169', '经');
INSERT INTO `xingshi` VALUES ('170', '房');
INSERT INTO `xingshi` VALUES ('171', '裘');
INSERT INTO `xingshi` VALUES ('172', '缪');
INSERT INTO `xingshi` VALUES ('173', '干');
INSERT INTO `xingshi` VALUES ('174', '解');
INSERT INTO `xingshi` VALUES ('175', '应');
INSERT INTO `xingshi` VALUES ('176', '宗');
INSERT INTO `xingshi` VALUES ('177', '宣');
INSERT INTO `xingshi` VALUES ('178', '丁');
INSERT INTO `xingshi` VALUES ('179', '贲');
INSERT INTO `xingshi` VALUES ('180', '邓');
INSERT INTO `xingshi` VALUES ('181', '郁');
INSERT INTO `xingshi` VALUES ('182', '单');
INSERT INTO `xingshi` VALUES ('183', '杭');
INSERT INTO `xingshi` VALUES ('184', '洪');
INSERT INTO `xingshi` VALUES ('185', '包');
INSERT INTO `xingshi` VALUES ('186', '诸');
INSERT INTO `xingshi` VALUES ('187', '左');
INSERT INTO `xingshi` VALUES ('188', '石');
INSERT INTO `xingshi` VALUES ('189', '崔');
INSERT INTO `xingshi` VALUES ('190', '吉');
INSERT INTO `xingshi` VALUES ('191', '钮');
INSERT INTO `xingshi` VALUES ('192', '龚');
INSERT INTO `xingshi` VALUES ('193', '程');
INSERT INTO `xingshi` VALUES ('194', '嵇');
INSERT INTO `xingshi` VALUES ('195', '邢');
INSERT INTO `xingshi` VALUES ('196', '滑');
INSERT INTO `xingshi` VALUES ('197', '裴');
INSERT INTO `xingshi` VALUES ('198', '陆');
INSERT INTO `xingshi` VALUES ('199', '荣');
INSERT INTO `xingshi` VALUES ('200', '翁');
INSERT INTO `xingshi` VALUES ('201', '荀');
INSERT INTO `xingshi` VALUES ('202', '羊');
INSERT INTO `xingshi` VALUES ('203', '於');
INSERT INTO `xingshi` VALUES ('204', '惠');
INSERT INTO `xingshi` VALUES ('205', '甄');
INSERT INTO `xingshi` VALUES ('206', '魏');
INSERT INTO `xingshi` VALUES ('207', '加');
INSERT INTO `xingshi` VALUES ('208', '封');
INSERT INTO `xingshi` VALUES ('209', '芮');
INSERT INTO `xingshi` VALUES ('210', '羿');
INSERT INTO `xingshi` VALUES ('211', '储');
INSERT INTO `xingshi` VALUES ('212', '靳');
INSERT INTO `xingshi` VALUES ('213', '汲');
INSERT INTO `xingshi` VALUES ('214', '邴');
INSERT INTO `xingshi` VALUES ('215', '糜');
INSERT INTO `xingshi` VALUES ('216', '松');
INSERT INTO `xingshi` VALUES ('217', '井');
INSERT INTO `xingshi` VALUES ('218', '段');
INSERT INTO `xingshi` VALUES ('219', '富');
INSERT INTO `xingshi` VALUES ('220', '巫');
INSERT INTO `xingshi` VALUES ('221', '乌');
INSERT INTO `xingshi` VALUES ('222', '焦');
INSERT INTO `xingshi` VALUES ('223', '巴');
INSERT INTO `xingshi` VALUES ('224', '弓');
INSERT INTO `xingshi` VALUES ('225', '牧');
INSERT INTO `xingshi` VALUES ('226', '隗');
INSERT INTO `xingshi` VALUES ('227', '山');
INSERT INTO `xingshi` VALUES ('228', '谷');
INSERT INTO `xingshi` VALUES ('229', '车');
INSERT INTO `xingshi` VALUES ('230', '侯');
INSERT INTO `xingshi` VALUES ('231', '宓');
INSERT INTO `xingshi` VALUES ('232', '蓬');
INSERT INTO `xingshi` VALUES ('233', '全');
INSERT INTO `xingshi` VALUES ('234', '郗');
INSERT INTO `xingshi` VALUES ('235', '班');
INSERT INTO `xingshi` VALUES ('236', '仰');
INSERT INTO `xingshi` VALUES ('237', '秋');
INSERT INTO `xingshi` VALUES ('238', '仲');
INSERT INTO `xingshi` VALUES ('239', '伊');
INSERT INTO `xingshi` VALUES ('240', '宫');
INSERT INTO `xingshi` VALUES ('241', '宁');
INSERT INTO `xingshi` VALUES ('242', '仇');
INSERT INTO `xingshi` VALUES ('243', '栾');
INSERT INTO `xingshi` VALUES ('244', '暴');
INSERT INTO `xingshi` VALUES ('245', '甘');
INSERT INTO `xingshi` VALUES ('246', '钭');
INSERT INTO `xingshi` VALUES ('247', '厉');
INSERT INTO `xingshi` VALUES ('248', '戎');
INSERT INTO `xingshi` VALUES ('249', '祖');
INSERT INTO `xingshi` VALUES ('250', '武');
INSERT INTO `xingshi` VALUES ('251', '符');
INSERT INTO `xingshi` VALUES ('252', '刘');
INSERT INTO `xingshi` VALUES ('253', '姜');
INSERT INTO `xingshi` VALUES ('254', '詹');
INSERT INTO `xingshi` VALUES ('255', '束');
INSERT INTO `xingshi` VALUES ('256', '龙');
INSERT INTO `xingshi` VALUES ('257', '叶');
INSERT INTO `xingshi` VALUES ('258', '幸');
INSERT INTO `xingshi` VALUES ('259', '司');
INSERT INTO `xingshi` VALUES ('260', '韶');
INSERT INTO `xingshi` VALUES ('261', '郜');
INSERT INTO `xingshi` VALUES ('262', '黎');
INSERT INTO `xingshi` VALUES ('263', '蓟');
INSERT INTO `xingshi` VALUES ('264', '薄');
INSERT INTO `xingshi` VALUES ('265', '印');
INSERT INTO `xingshi` VALUES ('266', '宿');
INSERT INTO `xingshi` VALUES ('267', '白');
INSERT INTO `xingshi` VALUES ('268', '怀');
INSERT INTO `xingshi` VALUES ('269', '蒲');
INSERT INTO `xingshi` VALUES ('270', '台');
INSERT INTO `xingshi` VALUES ('271', '从');
INSERT INTO `xingshi` VALUES ('272', '鄂');
INSERT INTO `xingshi` VALUES ('273', '索');
INSERT INTO `xingshi` VALUES ('274', '咸');
INSERT INTO `xingshi` VALUES ('275', '籍');
INSERT INTO `xingshi` VALUES ('276', '赖');
INSERT INTO `xingshi` VALUES ('277', '卓');
INSERT INTO `xingshi` VALUES ('278', '蔺');
INSERT INTO `xingshi` VALUES ('279', '屠');
INSERT INTO `xingshi` VALUES ('280', '蒙');
INSERT INTO `xingshi` VALUES ('281', '池');
INSERT INTO `xingshi` VALUES ('282', '乔');
INSERT INTO `xingshi` VALUES ('283', '阴');
INSERT INTO `xingshi` VALUES ('284', '郁');
INSERT INTO `xingshi` VALUES ('285', '胥');
INSERT INTO `xingshi` VALUES ('286', '能');
INSERT INTO `xingshi` VALUES ('287', '苍');
INSERT INTO `xingshi` VALUES ('288', '双');
INSERT INTO `xingshi` VALUES ('289', '闻');
INSERT INTO `xingshi` VALUES ('290', '莘');
INSERT INTO `xingshi` VALUES ('291', '党');
INSERT INTO `xingshi` VALUES ('292', '翟');
INSERT INTO `xingshi` VALUES ('293', '谭');
INSERT INTO `xingshi` VALUES ('294', '贡');
INSERT INTO `xingshi` VALUES ('295', '劳');
INSERT INTO `xingshi` VALUES ('296', '逄');
INSERT INTO `xingshi` VALUES ('297', '姬');
INSERT INTO `xingshi` VALUES ('298', '申');
INSERT INTO `xingshi` VALUES ('299', '扶');
INSERT INTO `xingshi` VALUES ('300', '堵');
INSERT INTO `xingshi` VALUES ('301', '冉');
INSERT INTO `xingshi` VALUES ('302', '宰');
INSERT INTO `xingshi` VALUES ('303', '郦');
INSERT INTO `xingshi` VALUES ('304', '雍');
INSERT INTO `xingshi` VALUES ('305', '却');
INSERT INTO `xingshi` VALUES ('306', '璩');
INSERT INTO `xingshi` VALUES ('307', '桑');
INSERT INTO `xingshi` VALUES ('308', '桂');
INSERT INTO `xingshi` VALUES ('309', '濮');
INSERT INTO `xingshi` VALUES ('310', '牛');
INSERT INTO `xingshi` VALUES ('311', '寿');
INSERT INTO `xingshi` VALUES ('312', '通');
INSERT INTO `xingshi` VALUES ('313', '边');
INSERT INTO `xingshi` VALUES ('314', '扈');
INSERT INTO `xingshi` VALUES ('315', '燕');
INSERT INTO `xingshi` VALUES ('316', '冀');
INSERT INTO `xingshi` VALUES ('317', '郏');
INSERT INTO `xingshi` VALUES ('318', '浦');
INSERT INTO `xingshi` VALUES ('319', '尚');
INSERT INTO `xingshi` VALUES ('320', '农');
INSERT INTO `xingshi` VALUES ('321', '温');
INSERT INTO `xingshi` VALUES ('322', '别');
INSERT INTO `xingshi` VALUES ('323', '庄');
INSERT INTO `xingshi` VALUES ('324', '晏');
INSERT INTO `xingshi` VALUES ('325', '柴');
INSERT INTO `xingshi` VALUES ('326', '瞿');
INSERT INTO `xingshi` VALUES ('327', '阎');
INSERT INTO `xingshi` VALUES ('328', '充');
INSERT INTO `xingshi` VALUES ('329', '慕');
INSERT INTO `xingshi` VALUES ('330', '连');
INSERT INTO `xingshi` VALUES ('331', '茹');
INSERT INTO `xingshi` VALUES ('332', '习');
INSERT INTO `xingshi` VALUES ('333', '宦');
INSERT INTO `xingshi` VALUES ('334', '艾');
INSERT INTO `xingshi` VALUES ('335', '鱼');
INSERT INTO `xingshi` VALUES ('336', '容');
INSERT INTO `xingshi` VALUES ('337', '向');
INSERT INTO `xingshi` VALUES ('338', '古');
INSERT INTO `xingshi` VALUES ('339', '易');
INSERT INTO `xingshi` VALUES ('340', '慎');
INSERT INTO `xingshi` VALUES ('341', '戈');
INSERT INTO `xingshi` VALUES ('342', '廖');
INSERT INTO `xingshi` VALUES ('343', '庚');
INSERT INTO `xingshi` VALUES ('344', '终');
INSERT INTO `xingshi` VALUES ('345', '暨');
INSERT INTO `xingshi` VALUES ('346', '居');
INSERT INTO `xingshi` VALUES ('347', '衡');
INSERT INTO `xingshi` VALUES ('348', '步');
INSERT INTO `xingshi` VALUES ('349', '都');
INSERT INTO `xingshi` VALUES ('350', '耿');
INSERT INTO `xingshi` VALUES ('351', '满');
INSERT INTO `xingshi` VALUES ('352', '弘');
INSERT INTO `xingshi` VALUES ('353', '匡');
INSERT INTO `xingshi` VALUES ('354', '国');
INSERT INTO `xingshi` VALUES ('355', '文');
INSERT INTO `xingshi` VALUES ('356', '寇');
INSERT INTO `xingshi` VALUES ('357', '广');
INSERT INTO `xingshi` VALUES ('358', '禄');
INSERT INTO `xingshi` VALUES ('359', '阙');
INSERT INTO `xingshi` VALUES ('360', '东');
INSERT INTO `xingshi` VALUES ('361', '殴');
INSERT INTO `xingshi` VALUES ('362', '殳');
INSERT INTO `xingshi` VALUES ('363', '沃');
INSERT INTO `xingshi` VALUES ('364', '利');
INSERT INTO `xingshi` VALUES ('365', '蔚');
INSERT INTO `xingshi` VALUES ('366', '越');
INSERT INTO `xingshi` VALUES ('367', '夔');
INSERT INTO `xingshi` VALUES ('368', '隆');
INSERT INTO `xingshi` VALUES ('369', '师');
INSERT INTO `xingshi` VALUES ('370', '巩');
INSERT INTO `xingshi` VALUES ('371', '厍');
INSERT INTO `xingshi` VALUES ('372', '聂');
INSERT INTO `xingshi` VALUES ('373', '晁');
INSERT INTO `xingshi` VALUES ('374', '勾');
INSERT INTO `xingshi` VALUES ('375', '敖');
INSERT INTO `xingshi` VALUES ('376', '融');
INSERT INTO `xingshi` VALUES ('377', '冷');
INSERT INTO `xingshi` VALUES ('378', '訾');
INSERT INTO `xingshi` VALUES ('379', '辛');
INSERT INTO `xingshi` VALUES ('380', '阚');
INSERT INTO `xingshi` VALUES ('381', '那');
INSERT INTO `xingshi` VALUES ('382', '简');
INSERT INTO `xingshi` VALUES ('383', '饶');
INSERT INTO `xingshi` VALUES ('384', '空');
INSERT INTO `xingshi` VALUES ('385', '曾');
INSERT INTO `xingshi` VALUES ('386', '毋');
INSERT INTO `xingshi` VALUES ('387', '沙');
INSERT INTO `xingshi` VALUES ('388', '乜');
INSERT INTO `xingshi` VALUES ('389', '养');
INSERT INTO `xingshi` VALUES ('390', '鞠');
INSERT INTO `xingshi` VALUES ('391', '须');
INSERT INTO `xingshi` VALUES ('392', '丰');
INSERT INTO `xingshi` VALUES ('393', '巢');
INSERT INTO `xingshi` VALUES ('394', '关');
INSERT INTO `xingshi` VALUES ('395', '蒯');
INSERT INTO `xingshi` VALUES ('396', '相');
INSERT INTO `xingshi` VALUES ('397', '查');
INSERT INTO `xingshi` VALUES ('398', '后');
INSERT INTO `xingshi` VALUES ('399', '江');
INSERT INTO `xingshi` VALUES ('400', '红');
INSERT INTO `xingshi` VALUES ('401', '游');
INSERT INTO `xingshi` VALUES ('402', '竺');
INSERT INTO `xingshi` VALUES ('403', '权');
INSERT INTO `xingshi` VALUES ('404', '逯');
INSERT INTO `xingshi` VALUES ('405', '盖');
INSERT INTO `xingshi` VALUES ('406', '益');
INSERT INTO `xingshi` VALUES ('407', '桓');
INSERT INTO `xingshi` VALUES ('408', '公');
INSERT INTO `xingshi` VALUES ('409', '万俟');
INSERT INTO `xingshi` VALUES ('410', '司马');
INSERT INTO `xingshi` VALUES ('411', '上官');
INSERT INTO `xingshi` VALUES ('412', '欧阳');
INSERT INTO `xingshi` VALUES ('413', '夏侯');
INSERT INTO `xingshi` VALUES ('414', '诸葛');
INSERT INTO `xingshi` VALUES ('415', '闻人');
INSERT INTO `xingshi` VALUES ('416', '东方');
INSERT INTO `xingshi` VALUES ('417', '赫连');
INSERT INTO `xingshi` VALUES ('418', '皇甫');
INSERT INTO `xingshi` VALUES ('419', '尉迟');
INSERT INTO `xingshi` VALUES ('420', '公羊');
INSERT INTO `xingshi` VALUES ('421', '澹台');
INSERT INTO `xingshi` VALUES ('422', '公冶');
INSERT INTO `xingshi` VALUES ('423', '宗政');
INSERT INTO `xingshi` VALUES ('424', '濮阳');
INSERT INTO `xingshi` VALUES ('425', '淳于');
INSERT INTO `xingshi` VALUES ('426', '仲孙');
INSERT INTO `xingshi` VALUES ('427', '太叔');
INSERT INTO `xingshi` VALUES ('428', '申屠');
INSERT INTO `xingshi` VALUES ('429', '公孙');
INSERT INTO `xingshi` VALUES ('430', '乐正');
INSERT INTO `xingshi` VALUES ('431', '轩辕');
INSERT INTO `xingshi` VALUES ('432', '令狐');
INSERT INTO `xingshi` VALUES ('433', '钟离');
INSERT INTO `xingshi` VALUES ('434', '闾丘');
INSERT INTO `xingshi` VALUES ('435', '长孙');
INSERT INTO `xingshi` VALUES ('436', '慕容');
INSERT INTO `xingshi` VALUES ('437', '鲜于');
INSERT INTO `xingshi` VALUES ('438', '宇文');
INSERT INTO `xingshi` VALUES ('439', '司徒');
INSERT INTO `xingshi` VALUES ('440', '司空');
INSERT INTO `xingshi` VALUES ('441', '亓官');
INSERT INTO `xingshi` VALUES ('442', '司寇');
INSERT INTO `xingshi` VALUES ('443', '仉督');
INSERT INTO `xingshi` VALUES ('444', '子车');
INSERT INTO `xingshi` VALUES ('445', '颛孙');
INSERT INTO `xingshi` VALUES ('446', '端木');
INSERT INTO `xingshi` VALUES ('447', '巫马');
INSERT INTO `xingshi` VALUES ('448', '公西');
INSERT INTO `xingshi` VALUES ('449', '漆雕');
INSERT INTO `xingshi` VALUES ('450', '乐正');
INSERT INTO `xingshi` VALUES ('451', '壤驷');
INSERT INTO `xingshi` VALUES ('452', '公良');
INSERT INTO `xingshi` VALUES ('453', '拓拔');
INSERT INTO `xingshi` VALUES ('454', '夹谷');
INSERT INTO `xingshi` VALUES ('455', '宰父');
INSERT INTO `xingshi` VALUES ('456', '谷粱');
INSERT INTO `xingshi` VALUES ('457', '晋楚');
INSERT INTO `xingshi` VALUES ('458', '阎法');
INSERT INTO `xingshi` VALUES ('459', '汝鄢');
INSERT INTO `xingshi` VALUES ('460', '涂钦');
INSERT INTO `xingshi` VALUES ('461', '段干');
INSERT INTO `xingshi` VALUES ('462', '百里');
INSERT INTO `xingshi` VALUES ('463', '东郭');
INSERT INTO `xingshi` VALUES ('464', '南门');
INSERT INTO `xingshi` VALUES ('465', '呼延');
INSERT INTO `xingshi` VALUES ('466', '归海');
INSERT INTO `xingshi` VALUES ('467', '羊舌');
INSERT INTO `xingshi` VALUES ('468', '微生');
INSERT INTO `xingshi` VALUES ('469', '岳帅');
INSERT INTO `xingshi` VALUES ('470', '缑亢');
INSERT INTO `xingshi` VALUES ('471', '况后');
INSERT INTO `xingshi` VALUES ('472', '有琴');
INSERT INTO `xingshi` VALUES ('473', '梁丘');
INSERT INTO `xingshi` VALUES ('474', '左丘');
INSERT INTO `xingshi` VALUES ('475', '东门');
INSERT INTO `xingshi` VALUES ('476', '西门');
INSERT INTO `xingshi` VALUES ('477', '商牟');
INSERT INTO `xingshi` VALUES ('478', '佘佴');
INSERT INTO `xingshi` VALUES ('479', '伯赏');
INSERT INTO `xingshi` VALUES ('480', '南宫');
INSERT INTO `xingshi` VALUES ('481', '墨哈');
INSERT INTO `xingshi` VALUES ('482', '谯笪');
INSERT INTO `xingshi` VALUES ('483', '年爱');
INSERT INTO `xingshi` VALUES ('484', '阳佟');
